<?xml version="1.0" encoding="UTF-8" standalone="no"?>
<ServerSettings DomainId="556D1E9F0A32035A004857DFB0E26324">
  <CommConf>
    <AgentCommunicationSetting AlwaysConnect="1" CommunicationMode="PULL" DisableDownloadProfile="0" Kcs="4F58CB63558F699E0FAE9B183EEE36E7" PullHeartbeatSeconds="900" PushHeartbeatSeconds="300" UploadCmdStateHeartbeatSeconds="300" UploadLearnedApp="0" UploadLogHeartbeatSeconds="300" UploadOpStateHeartbeatSeconds="300"/>
    <LogSetting MaxLogRecords="100" SendingLogAllowed="1" UploadProcessLog="1" UploadRawLog="1" UploadSecurityLog="1" UploadSystemLog="1" UploadTrafficLog="1"/>
    <RegisterClient PreferredGroup="My Company\Linux Servers" PreferredMode="1"/>
    <ServerList FreezeSmsList="0" Name="Default Management Server List for My Site">
      <ServerPriorityBlock Name="List0">
        <Server Address="10.50.3.90" HttpPort="8014" VerifySignatures="1"/>
        <Server Address="nmwpayuav01" HttpPort="8014" VerifySignatures="1"/>
        <Server Address="nmwpayuav01.edc.payumum.com" HttpPort="8014" VerifySignatures="1"/>
      </ServerPriorityBlock>
    </ServerList>
    <ServerCertList>
      <Certificate Name="nmwpayuav01">-----BEGIN CERTIFICATE-----
MIIDJzCCApCgAwIBAgIQosb4L3U5x0pO9Hz3vp3/+jANBgkqhkiG9w0BAQsFADB7MXkwCQYDVQQG&#13;
EwJVUzAJBgNVBAgMAkNBMAoGA1UECwwDRVNHMBQGA1UEBwwNTW91bnRhaW4gVmlldzAbBgNVBAoM&#13;
FFN5bWFudGVjIENvcnBvcmF0aW9uMCIGA1UEAwwbbm13cGF5dWF2MDEuZWRjLnBheXVtdW0uY29t&#13;
MB4XDTE2MTAyNDA5MTA1OFoXDTI2MTEyMTA5MTA1OFowezF5MAkGA1UEBhMCVVMwCQYDVQQIDAJD&#13;
QTAKBgNVBAsMA0VTRzAUBgNVBAcMDU1vdW50YWluIFZpZXcwGwYDVQQKDBRTeW1hbnRlYyBDb3Jw&#13;
b3JhdGlvbjAiBgNVBAMMG25td3BheXVhdjAxLmVkYy5wYXl1bXVtLmNvbTCBnzANBgkqhkiG9w0B&#13;
AQEFAAOBjQAwgYkCgYEAsb4eCnMQswVrAPVd6FWTEUkKCxDhvTSpPaan2hXoc1eqGmYPZTnr+3Sf&#13;
VONbhbS76+rJKhA7vA56iaE6SRPV6tVetxL9Va0uGzFZYfalljgoS47hxC6TYOdcerQR3HzywWO5&#13;
X3bciKlW6rSFr7MLcptLI5801GBK16SSXyHANqkCAwEAAaOBqzCBqDCBpQYDVR0RBIGdMIGaghtu&#13;
bXdwYXl1YXYwMS5lZGMucGF5dW11bS5jb22CC25td3BheXVhdjAxhwQKMgNaggoxMC41MC4zLjkw&#13;
hxD+gAAAAAAAAIyWPkSZh45mgh5mZTgwOjA6MDowOjhjOTY6M2U0NDo5OTg3OjhlNjaHEP6AAAAA&#13;
AAAAAAABAAB///6CGGZlODA6MDowOjA6MDoxMDA6N2Y6ZmZmZTANBgkqhkiG9w0BAQsFAAOBgQBv&#13;
lW1Oypf6vKcXYPhVK5o8M9qJt1JQ9gBefAmm5lw5ZjG3WNq4ZsTRBaIhkiBw6s+WLKGyzeVTsoR8&#13;
cwrLd6c0vCo6DkUOTqC6U9BtJYhCdCfIVEXLKsG5jT5dKrTH1DEEpaEOYWJBxCs84gxPwWDcFPyy&#13;
1VjNuwUVRxI4sKf2yw==&#13;
-----END CERTIFICATE-----</Certificate>
    </ServerCertList>
  </CommConf>
</ServerSettings>
